"","FECHA","DESCRIPCIÃ“N","CARGO","ABONO","SALDO","CATEGORIA"
"1",2018-05-02,"UBER TRIP SUBIX HELP.UBER",-153.07,NA,21012.66,"transporte"
"2",2018-05-02,"7 ELEVEN G GLEZ CAMARE",-30,NA,21165.73,"tiendita"
"3",2018-05-02,"REFORMA RHIN CR",-1539,NA,21195.73,"gimnasio"
"4",2018-05-02,"TEF ENVIADO  SANTANDER",-6000,NA,22734.73,"renta"
"5",2018-05-02,"CHILI S REFORMA",-182.85,NA,28734.73,"comida fuera"
"6",2018-05-03,"SUPER CENTER FELIX C",-635.01,NA,20377.65,"super"
"7",2018-05-04,"DYNASTY REFORMA",-106,NA,20257.65,"comida fuera"
"8",2018-05-04,"7 ELEVEN T 2512 RIO",-14,NA,20363.65,"tiendita"
"9",2018-05-07,"POSTMATES CR",-25,NA,20000.25,"comida fuera"
"10",2018-05-07,"7 ELEVEN PARROQUIA",-26,NA,20025.25,"tiendita"
"11",2018-05-07,"CHILI S GALERIAS INSUR",-174.9,NA,20051.25,"comida fuera"
"12",2018-05-07,"OXXO SAN JOSE",-31.5,NA,20226.15,"tiendita"
"13",2018-05-08,"GAS LILAS",-360,NA,19440.25,"transporte"
"14",2018-05-08,"RETIRO CAJERO AUTOMATICO",-200,NA,19800.25,"efectivo"
"15",2018-05-09,"7 ELEVEN T 2512 RIO",-36,NA,19404.25,"tiendita"
"16",2018-05-10,"7 ELEVEN T 2512 RIO",-32,NA,19259.25,"tiendita"
"17",2018-05-10,"CASA PEPE",-113,NA,19291.25,"comida fuera"
"18",2018-05-11,"SUPER CENTER FELIX C",-669.18,NA,18454.77,"super"
"19",2018-05-11,"REST DON POLLO",-124.3,NA,19123.95,"comida fuera"
"20",2018-05-11,"OXXO SAN JOSE",-11,NA,19248.25,"tiendita"
"21",2018-05-13,"PAGO CUENTA DE TERCERO",NA,24000,41851.29,"prestamo papa"
"22",2018-05-14,"REST SUSHI ROLL",-170.5,NA,41449.89,"comida fuera"
"23",2018-05-14,"OXXO MARAKA",-30.9,NA,41620.39,"tiendita"
"24",2018-05-14,"RETIRO CAJERO AUTOMATICO",-200,NA,41651.29,"efectivo"
"25",2018-05-14,"UBER   *TRIP QYI5B",-67.93,NA,17851.29,"transporte"
"26",2018-05-14,"EXTRA K PARROQUIA",-43,NA,17919.22,"tiendita"
"27",2018-05-14,"REST JULIU S PIZZAS",-146.05,NA,17962.22,"comida fuera"
"28",2018-05-14,"EXTRA K PARROQUIA",-106.5,NA,18108.27,"tiendita"
"29",2018-05-14,"LIVERPOOL INSURGENTES",-240,NA,18214.77,"ropa"
"30",2018-05-15,"GREEN GRASS REFORMA",-141.9,NA,41286.49,"comida fuera"
"31",2018-05-15,"EXTRA K PARROQUIA",-21.5,NA,41428.39,"tiendita"
"32",2018-05-16,"RETIRO SIN TARJETA",-200,NA,58586.49,"efectivo"
"33",2018-05-16,"PAGO DE NOMINA",NA,15907,58786.49,"salario"
"34",2018-05-16,"PAGO DE NOMINA",NA,1593,42879.49,"salario"
"35",2018-05-17,"PANDA SALVADOR AGRAZ",-159,NA,57029.29,"comida fuera"
"36",2018-05-17,"OUTLET OBSERVATORIO",-1198.2,NA,57188.29,"ropa"
"37",2018-05-17,"RETIRO SIN TARJETA",-200,NA,58386.49,"efectivo"
"38",2018-05-18,"UBER TRIP LL5SV HELP.UBER",-40.14,NA,54183.65,"transporte"
"39",2018-05-18,"SUPERAMA SANTA FE",-431.5,NA,54223.79,"super"
"40",2018-05-18,"LIBRERIA BONILLA MAQ",-374,NA,54655.29,"libros"
"41",2018-05-18,"SPEI ENVIADO BANORTE",-1500,NA,55029.29,"nutriologa"
"42",2018-05-18,"RETIRO SIN TARJETA",-500,NA,56529.29,"efectivo"
"43",2018-05-19,"RETIRO CAJERO AUTOMATICO",-500,NA,53683.65,"efectivo"
"44",2018-05-21,"SPEI ENVIADO BANORTE",-1500,NA,51007.17,"nutriologa"
"45",2018-05-21,"REST LA CALACA",-599.5,NA,52507.17,"comida fuera"
"46",2018-05-21,"EL GLOBO PARROQUIA",-69.99,NA,53106.67,"comida fuera"
"47",2018-05-21,"SUPER CENTER FELIX C CASH",-506.99,NA,53176.66,"super"
"48",2018-05-22,"UBER   *TRIP SVHGW",-61.5,NA,50170.77,"transporte"
"49",2018-05-22,"CHILI S GALERIAS INSUR",-174.9,NA,50232.27,"comida fuera"
"50",2018-05-22,"GYM SWMANACAR",-250,NA,50407.17,"gimnasio"
"51",2018-05-22,"TACOS DON MANOLITO",-150,NA,50657.17,"comida fuera"
"52",2018-05-22,"RETIRO SIN TARJETA",-200,NA,50807.17,"efectivo"
"53",2018-05-23,"SUPER CENTER FELIX C",-170.5,NA,49338.27,"super"
"54",2018-05-23,"AICM T1",-176,NA,49508.77,"transporte"
"55",2018-05-23,"SALA E BARON ROJO",-144,NA,49684.77,"comida fuera"
"56",2018-05-23,"IZ  CAFE PARABIEN",-20,NA,49828.77,"comida fuera"
"57",2018-05-23,"IZ  MYRNA CEBALLOS",-22,NA,49848.77,"tiendita"
"58",2018-05-23,"RETIRO CAJERO AUTOMATICO",-300,NA,49870.77,"efectivo"
"59",2018-05-24,"GREEN GRASS REFORMA",-141.9,NA,49102.37,"comida fuera"
"60",2018-05-24,"REST EL INDIO TAQUERO",-94,NA,49244.27,"comida fuera"
"61",2018-05-25,"MUSEO FRIDA KAHLO CIB",-128.4,NA,46604.47,"salida"
"62",2018-05-25,"FOREVER 21 MEXICO",-1332,NA,46732.87,"error banco"
"63",2018-05-25,"CINEMEX COM",-296,NA,48064.87,"error banco"
"64",2018-05-25,"TERRAZA GRAN HOTEL",-701.5,NA,48360.87,"salida"
"65",2018-05-25,"IZ  CAFE PARABIEN",-40,NA,49062.37,"comida fuera"
"66",2018-05-28,"CAFE TORINO MANACAR",-1048.3,NA,42702.18,"comida fuera"
"67",2018-05-28,"SERV CARCEL",-350,NA,43750.48,"transporte"
"68",2018-05-28,"REST C VINATERIA",-565,NA,44100.48,"salida"
"69",2018-05-28,"PRIME CLUB",-700,NA,44665.48,"salida"
"70",2018-05-28,"REST LA CELESTINA",-400,NA,45365.48,"comida fuera"
"71",2018-05-28,"SUBWAY HIDALGO",-78,NA,45765.48,"comida fuera"
"72",2018-05-28,"7 ELEVEN T1706",-50,NA,45843.48,"tiendita"
"73",2018-05-28,"SUPER CENTER FELIX C",-216,NA,45893.48,"super"
"74",2018-05-28,"GAS SERV CANADA 2",-494.99,NA,46109.48,"transporte"
"75",2018-05-29,"CASA PEPE",-277,NA,43942.73,"comida fuera"
"76",2018-05-29,"REST DON POLLO I",-95.45,NA,44219.73,"comida fuera"
"77",2018-05-29,"OXXO NAZAS MEX",-15,NA,44315.18,"tiendita"
"78",2018-05-29,"CORRECCION ABONO",NA,296,44330.18,"error banco"
"79",2018-05-29,"CORRECCION ABONO",NA,1332,44034.18,"error banco"
"80",2018-05-30,"7 ELEVEN T 2512 RIO",-30,NA,43562.71,"tiendita"
"81",2018-05-30,"SUPER CENTER FELIX C",-150.02,NA,43592.71,"super"
"82",2018-05-30,"RETIRO CAJERO AUTOMATICO",-200,NA,43742.73,"efectivo"
"83",2018-05-31,"SUPER CENTER FELIX C",-594.12,NA,60466.19,"super"
"84",2018-05-31,"PAGO DE NOMINA",NA,15907,61060.31,"salario"
"85",2018-05-31,"PAGO DE NOMINA",NA,1590.6,45153.31,"salario"
"86",2018-06-01,"REST EL INDIO TAQUERO",-91,NA,60233.69,"comida fuera"
"87",2018-06-01,"RESTAURANT ARLES",-110,NA,60324.69,"comida fuera"
"88",2018-06-01,"OXXO NAZAS MEX",-31.5,NA,60434.69,"tiendita"
"89",2018-06-04,"UBER TRIP QF3NV HELP.UBER",-226.37,NA,57723.23,"transporte"
"90",2018-06-04,"ESCAPARATE BAR SANTA F",-1802,NA,57949.6,"salida"
"91",2018-06-04,"UBER TRIP WLFXZ HELP.UBER",-66.31,NA,59751.6,"transporte"
"92",2018-06-04,"UBER TRIP L7FEB HELP.UBER",-144.78,NA,59817.91,"transporte"
"93",2018-06-04,"SUSHIITTO C COM STA FE",-112,NA,59962.69,"comida fuera"
"94",2018-06-04,"PANDA SALVADOR AGRAZ",-159,NA,60074.69,"comida fuera"
"95",2018-06-05,"REST CASA LOS ABUELOS",-167,NA,57556.23,"comida fuera"
"96",2018-06-06,"CINEMEX MANACAR",-198,NA,55603.23,"salida"
"97",2018-06-06,"REST DON POLLO",-90,NA,55801.23,"comida fuera"
"98",2018-06-06,"GYM SWMANACAR",-1665,NA,55891.23,"gimnasio"
"99",2018-06-07,"7 ELEVEN PARROQUIA",-78,NA,55525.23,"tiendita"
"100",2018-06-08,"RETIRO CAJERO AUTOMATICO",-700,NA,54347.03,"efectivo"
"101",2018-06-08,"7 ELEVEN PARROQUIA",-56,NA,55047.03,"tiendita"
"102",2018-06-08,"VIPS REFORMA 180",-128.5,NA,55103.03,"comida fuera"
"103",2018-06-08,"REST EL INDIO II",-293.7,NA,55231.53,"comida fuera"
"104",2018-06-11,"COM MEX MIXCOAC",-912.65,NA,52434.38,"super"
"105",2018-06-11,"REST ASHA",-700,NA,53347.03,"salida"
"106",2018-06-11,"SERV AUT INSURGENTES",-300,NA,54047.03,"transporte"
"107",2018-06-12,"7 ELEVEN T 2512 RIO",-16,NA,52418.38,"tiendita"
"108",2018-06-13,"7 ELEVEN T 2512 RIO",-28.5,NA,52389.88,"tiendita"
"109",2018-06-14,"PAYPAL BANGGOOD",-620.8,NA,45258.63,"compras internet"
"110",2018-06-14,"PAYPAL BANGGOOD",-496.72,NA,45879.43,"compras internet"
"111",2018-06-14,"7 ELEVEN T 2512 RIO",-33,NA,46376.15,"tiendita"
"112",2018-06-14,"LA COMER INSURGENTES",-368.43,NA,46409.15,"super"
"113",2018-06-14,"COSMETICO EN VIDRIO",-73.8,NA,46777.58,"?"
"114",2018-06-14,"7 ELEVEN T 2512 RIO",-38.5,NA,46851.38,"tiendita"
"115",2018-06-14,"RETIRO SIN TARJETA",-5500,NA,46889.88,"efectivo"
"116",2018-06-15,"LITTLE CAESARS PARROQU",-79,NA,62507.13,"comida fuera"
"117",2018-06-15,"7 ELEVEN T 2512 RIO  CASH",-112,NA,62586.13,"tiendita"
"118",2018-06-15,"7 ELEVEN T 2512 RIO",-60.5,NA,62698.13,"tiendita"
"119",2018-06-15,"SPEI RECIBIDOBANORTE",NA,10319.83,62758.63,"salario"
"120",2018-06-15,"PAGO DE NOMINA",NA,5587.17,52438.8,"salario"
"121",2018-06-15,"PAGO DE NOMINA",NA,1593,46851.63,"salario"
"122",2018-06-18,"RETIRO CAJERO AUTOMATICO",-200,NA,60584.45,"efectivo"
"123",2018-06-18,"SUPER CENTER FELIX C",-113,NA,60784.45,"super"
"124",2018-06-18,"SUPER CENTER FELIX C",-252.28,NA,60897.45,"super"
"125",2018-06-18,"LITTLE CAESARS PARROQU",-139,NA,61149.73,"comida fuera"
"126",2018-06-18,"SUPERAMA FELIX CUEVAS",-171.4,NA,61288.73,"super"
"127",2018-06-18,"SR PAGO*SENORPAGO",-220,NA,61460.13,"?"
"128",2018-06-18,"DIST ALOHA",-50,NA,61680.13,"?"
"129",2018-06-18,"SERV AUT INSURGENTES",-500,NA,61730.13,"transporte"
"130",2018-06-18,"EL GLOBO PARROQUIA",-84,NA,62230.13,"comida fuera"
"131",2018-06-18,"CAFE JEKEMIR PARROQUIA",-193,NA,62314.13,"comida fuera"
"132",2018-06-19,"7 ELEVEN T 2512 RIO",-27.5,NA,7303.89,"tiendita"
"133",2018-06-19,"ITAM MU",-53253.06,NA,7331.39,"itam"
"134",2018-06-20,"7 ELEVEN T 2512 RIO",-34,NA,7210.39,"tiendita"
"135",2018-06-20,"7 ELEVEN T 2512 RIO",-59.5,NA,7244.39,"tiendita"
"136",2018-06-21,"REST CASA LOS ABUELOS",-111,NA,6965.89,"comida fuera"
"137",2018-06-21,"OXXO NAZAS MEX",-33.5,NA,7076.89,"tiendita"
"138",2018-06-21,"RETIRO CAJERO AUTOMATICO",-100,NA,7110.39,"efectivo"
"139",2018-06-22,"VIPS REFORMA 180",-113.6,NA,6852.29,"comida fuera"
"140",2018-06-25,"MC DONALDS STA FE FS",-266,NA,5433.71,"comida fuera"
"141",2018-06-25,"PHARMACIA SUPER HERZ 2",-80.5,NA,5699.71,"medicina"
"142",2018-06-25,"RETIRO CAJERO AUTOMATICO",-100,NA,5780.21,"efectivo"
"143",2018-06-25,"RIVERDALE CAFE I",-150,NA,5880.21,"comida fuera"
"144",2018-06-25,"IZ  MONICA MORENO ROSA",-115,NA,6030.21,"comida fuera"
"145",2018-06-25,"SUPER CENTER FELIX C",-707.08,NA,6145.21,"super"
"146",2018-06-26,"REST CASA LOS ABUELOS",-151,NA,5282.71,"comida fuera"
"147",2018-06-27,"OXXO SAN JOSE",-32,NA,5250.71,"tiendita"
"148",2018-06-28,"BELLA LULA REFORMA",-176,NA,3574.71,"comida fuera"
"149",2018-06-28,"SPEI ENVIADO BANORTE",-1500,NA,3750.71,"nutriologa"
"150",2018-06-29,"OXXO FLORIDA         CASH",-127,NA,20704.71,"tiendita"
"151",2018-06-29,"OXXO RIO LERMA",-43,NA,20831.71,"tiendita"
"152",2018-06-29,"RETIRO CAJERO AUTOMATICO",-200,NA,20874.71,"efectivo"
"153",2018-06-29,"PAGO DE NOMINA",NA,15907,21074.71,"salario"
"154",2018-06-29,"PAGO DE NOMINA",NA,1593,5167.71,"salario"
"155",2018-07-01,"AMAZON MX",-1,NA,NA,"compras internet"
"156",2018-07-02,"EL CHARCO D LAS RANAS3",-565,NA,19194.71,"comida fuera"
"157",2018-07-02,"BELLA LULA REFORMA",-245,NA,19759.71,"comida fuera"
"158",2018-07-02,"GPO FRABA",-400,NA,20004.71,"transporte"
"159",2018-07-02,"REBELWINGS ARMAND",-300,NA,20404.71,"comida fuera"
"160",2018-07-03,"AMAZON MX",-1,NA,NA,"compras internet"
"161",2018-07-03,"RESTAURANT ARLES",-110,NA,19054.71,"comida fuera"
"162",2018-07-03,"OXXO RIO LERMA",-30,NA,19164.71,"tiendita"
"163",2018-07-04,"CASA PEPE",-205.7,NA,16890.56,"comida fuera"
"164",2018-07-04,"CINEMEX MANACAR",-198,NA,17096.26,"salida"
"165",2018-07-04,"REST DON POLLO",-95.45,NA,17294.26,"comida fuera"
"166",2018-07-04,"SPORTS WORLD - OP Y ADMIN",-1665,NA,17389.71,"gimnasio"
"167",2018-07-05,"AMAZON MX",-1804.89,NA,14466.17,"compras internet"
"168",2018-07-05,"SUBWAY REFORMA",-100,NA,16271.06,"comida fuera"
"169",2018-07-05,"OXXO RIO LERMA",-19.5,NA,16371.06,"tiendita"
"170",2018-07-05,"RETIRO CAJERO AUTOMATICO",-500,NA,16390.56,"efectivo"
"171",2018-07-06,"AMAZON MX MARKETPLACE",-209.95,NA,12774.72,"compras internet"
"172",2018-07-06,"COCINA DE CAMPO",-940.5,NA,12984.67,"comida fuera"
"173",2018-07-06,"SERV AUT INSURGENTES",-505,NA,13925.17,"transporte"
"174",2018-07-06,"7 ELEVEN PARROQUIA",-36,NA,14430.17,"tiendita"
"175",2018-07-08,"RETIRO SIN TARJETA",-6000,NA,6674.72,"efectivo"
"176",2018-07-08,"RETIRO CAJERO AUTOMATICO",-100,NA,12674.72,"efectivo"
"177",2018-07-09,"PUNTA ARRACHERA",-311.3,NA,5866.72,"comida fuera"
"178",2018-07-09,"HOME DEPOT SN JERONIMO",-263.2,NA,6178.02,"herramientas"
"179",2018-07-09,"RETIRO CAJERO AUTOMATICO",-200,NA,6441.22,"efectivo"
"180",2018-07-09,"7 ELEVEN T 2512 RIO",-33.5,NA,6641.22,"tiendita"
"181",2018-07-10,"LITTLE CAESARS PARROQU",-159,NA,5622.72,"comida fuera"
"182",2018-07-10,"PASTELERIA MUGUET",-85,NA,5781.72,"comida fuera"
"183",2018-07-11,"7 ELEVEN PARROQUIA",-62,NA,5333.16,"tiendita"
"184",2018-07-11,"CASA DE TONO RIO NEVA",-121,NA,5395.16,"comida fuera"
"185",2018-07-11,"SUPERAMA SENA",-106.56,NA,5516.16,"super"
"186",2018-07-12,"VECCHIO FASCINO RESTAU",-590,NA,4647.71,"comida fuera"
"187",2018-07-12,"SR PAGO*SENORPAGO",-95.45,NA,5237.71,"?"
"188",2018-07-13,"AMAZON MX MARKETPLACE",-1839.13,NA,19910.78,"compras internet"
"189",2018-07-13,"AMAZON MX MARKETPLACE",-398,NA,21749.91,"compras internet"
"190",2018-07-13,"PAGO DE NOMINA",NA,1593.2,22147.91,"salario"
"191",2018-07-13,"PAGO DE NOMINA",NA,15907,20554.71,"salario"
"192",2018-07-14,"RET CAJ OTRO BCO COM IVA",-2011.6,NA,17899.18,"efectivo"
"193",2018-07-16,"RETIRO CAJERO AUTOMATICO",-500,NA,14458.73,"efectivo"
"194",2018-07-16,"AMAZON MX MARKETPLACE",-1407.52,NA,14958.73,"compras internet"
"195",2018-07-16,"EXTRA K PARROQUIA",-51,NA,16366.25,"tiendita"
"196",2018-07-16,"SUPER CENTER FELIX C",-252.19,NA,16417.25,"super"
"197",2018-07-16,"TELAS PARISINA 908",-170.94,NA,16669.44,"?"
"198",2018-07-16,"LOS BISQUETS B OBREGON",-119,NA,16840.38,"comida fuera"
"199",2018-07-16,"SUSHI ROLL MILLET 1",-356.5,NA,16959.38,"comida fuera"
"200",2018-07-16,"CAFE OBREGON LA ROSA",-165,NA,17315.88,"comida fuera"
"201",2018-07-16,"T DON POLO PARQUE HUND",-285.2,NA,17480.88,"comida fuera"
"202",2018-07-16,"REST EL INDIO II",-133.1,NA,17766.08,"comida fuera"
"203",2018-07-17,"EXTRA K PARROQUIA",-121,NA,14337.73,"tiendita"
"204",2018-07-19,"AMAZON MX",-3192.38,NA,8662.95,"compras internet"
"205",2018-07-19,"AMAZON MX",-2303.4,NA,11855.33,"compras internet"
"206",2018-07-19,"STARBUCKS HOMERO",-85,NA,14158.73,"comida fuera"
"207",2018-07-19,"STARBUCKS HOMERO",-94,NA,14243.73,"comida fuera"
"208",2018-07-20,"INST ITALIANO CUL VPOS",-6970,NA,1151.8,"italiano"
"209",2018-07-20,"SUPER CENTER FELIX C",-91.15,NA,8121.8,"super"
"210",2018-07-20,"REST CASA LOS ABUELOS",-150,NA,8212.95,"comida fuera"
"211",2018-07-20,"SERV LILAS 1",-300,NA,8362.95,"transporte"
"212",2018-07-21,"RETIRO SIN TARJETA",-300,NA,851.8,"efectivo"
"213",2018-07-23,"7 ELEVEN T 2512 RIO  CASH",-262,NA,589.8,"tiendita"
"214",2018-07-25,"SUPER CENTER FELIX C",470.38,NA,119.42,"super"
"215",2018-07-27,"7 ELEVEN T 2512 RIO",68,NA,51.42,"tiendita"
"216",2018-07-30,"EXTRA K PARROQUIA",41.5,NA,9.92,"tiendita"
"217",2018-07-31,"RETIRO SIN TARJETA",200,NA,17107.32,"efectivo"
"218",2018-07-31,"RETIRO SIN TARJETA",200,NA,17307.32,"efectivo"
"219",2018-07-31,"PAGO DE NOMINA",NA,15907,17507.32,"salario"
"220",2018-07-31,"PAGO DE NOMINA",NA,1590.4,1600.32,"salario"
"221",2018-08-01,"OXXO RIO LERMA",22.5,NA,17084.82,"tiendita"
"222",2018-08-02,"REST LA CALACA",200,NA,15121.82,"comida fuera"
"223",2018-08-02,"REST INDIO TAQUERO",98,NA,15321.82,"comida fuera"
"224",2018-08-02,"GYM SWMANACAR",1665,NA,15419.82,"gimnasio"
"225",2018-08-03,"EXTRA K PARROQUIA",79.5,NA,14337.32,"tiendita"
"226",2018-08-03,"LITTLE CAESARS PARROQU",79,NA,14416.82,"comida fuera"
"227",2018-08-03,"VIPS SULLIVAN",126,NA,14495.82,"comida fuera"
"228",2018-08-03,"GASOL COGASA",500,NA,14621.82,"transporte"
"229",2018-08-04,"RETIRO SIN TARJETA",100,NA,14237.32,"efectivo"
"230",2018-08-06,"AMAZON MX MARKETPLACE",NA,205,9717,"compras internet"
"231",2018-08-06,"LITTLE CAESARS",149,NA,9512,"comida fuera"
"232",2018-08-06,"CARLS JR ARMAND",167,NA,9661,"comida fuera"
"233",2018-08-06,"RETIRO SIN TARJETA",100,NA,9828,"efectivo"
"234",2018-08-06,"PAYPAL GLOBALEUK",2883.52,NA,9928,"compras internet"
"235",2018-08-06,"PAYPAL MATTESTLEA",230.7,NA,12811.52,"compras internet"
"236",2018-08-06,"IHOP FELIX CUEVAS",535,NA,13042.22,"comida fuera"
"237",2018-08-06,"CASA PEPE",237.6,NA,13577.22,"comida fuera"
"238",2018-08-06,"EXTRA K PARROQUIA",70,NA,13814.82,"tiendita"
"239",2018-08-06,"LITTLE CAESARS PARROQU",79,NA,13884.82,"comida fuera"
"240",2018-08-06,"7 ELEVEN T 2512 RIO",36.5,NA,13963.82,"tiendita"
"241",2018-08-06,"BELLA LULA REFORMA",237,NA,14000.32,"comida fuera"
"242",2018-08-07,"RETIRO SIN TARJETA",100,NA,8925,"efectivo"
"243",2018-08-07,"AICM T1",66,NA,9025,"transporte"
"244",2018-08-07,"VIPS SULLIVAN",126,NA,9091,"comida fuera"
"245",2018-08-07,"RETIRO CAJERO AUTOMATICO",500,NA,9217,"efectivo"
"246",2018-08-08,"COM MEX MIXCOAC",821.58,NA,7892.42,"super"
"247",2018-08-08,"NUTRIZA PZA LA ROSA",46,NA,8714,"comida fuera"
"248",2018-08-08,"CAFE OBREGON LA ROSA",165,NA,8760,"comida fuera"
"249",2018-08-09,"RETIRO SIN TARJETA",500,NA,7392.42,"efectivo"
"250",2018-08-13,"RETIRO CAJERO AUTOMATICO",200,NA,6223.42,"efectivo"
"251",2018-08-13,"RETIRO SIN TARJETA",300,NA,6423.42,"efectivo"
"252",2018-08-13,"SUPER CENTER FELIX C",129,NA,6723.42,"super"
"253",2018-08-13,"HEMYBOOKS",540,NA,6852.42,"libros"
"254",2018-08-14,"REST CASA LOS ABUELOS",114,NA,6109.42,"comida fuera"
"255",2018-08-15,"SUPER CENTER FELIX C CASH",339.1,NA,20677.32,"super"
"256",2018-08-15,"RETIRO SIN TARJETA",1000,NA,21016.42,"efectivo"
"257",2018-08-15,"SPEI RECIBIDOBANORTE",NA,15907,22016.42,"salario"
"258",2018-08-16,"AMAZON MX DIGITAL",102.12,NA,20051.14,"libros"
"259",2018-08-16,"AMAZON MX DIGITAL",122.7,NA,20153.26,"libros"
"260",2018-08-16,"AMAZON MX DIGITAL",97.55,NA,20275.96,"libros"
"261",2018-08-16,"Amazon Prime",249.24,NA,20373.51,"compras internet"
"262",2018-08-16,"PAYPAL BANGGOOD",1447.77,NA,20622.75,"compras internet"
"263",2018-08-16,"RETIRO SIN TARJETA",200,NA,22070.52,"efectivo"
"264",2018-08-16,"PAGO DE NOMINA",NA,1593.2,22270.52,"salario"
"265",2018-08-17,"AMAZON MX MARKETPLACE",113,NA,13382.14,"compras internet"
"266",2018-08-17,"AMAZON MX MARKETPLACE",56,NA,13495.14,"compras internet"
"267",2018-08-17,"GASOL GRUPO DAESA",500,NA,13551.14,"transporte"
"268",2018-08-17,"SPEI ENVIADO SANTANDER",6000,NA,14051.14,"renta"
"269",2018-08-19,"RET CAJ OTRO BCO COM IVA",520,NA,12862.14,"efectivo"
"270",2018-08-20,"RETIRO CAJERO AUTOMATICO",400,NA,11304.04,"efectivo"
"271",2018-08-20,"AMZN Mktp US",658.1,NA,11704.04,"compras internet"
"272",2018-08-20,"CHILI S GALERIAS INSUR",500,NA,12362.14,"comida fuera"
"273",2018-08-21,"REST INDIO TAQUERO",213,NA,10991.04,"comida fuera"
"274",2018-08-21,"RETIRO SIN TARJETA",100,NA,11204.04,"efectivo"
"275",2018-08-22,"AMAZON MX DIGITAL",17.1,NA,10829.94,"libros"
"276",2018-08-22,"LITTLE CAESARS",144,NA,10847.04,"comida fuera"
"277",2018-08-23,"CASA DE TONO RIO NEVA",93,NA,10736.94,"comida fuera"
"278",2018-08-24,"7 ELEVEN T 2512 RIO",23.5,NA,10646.44,"tiendita"
"279",2018-08-24,"OXXO TIBER",25.5,NA,10669.94,"tiendita"
"280",2018-08-24,"OXXO NAZAS MEX",41.5,NA,10695.44,"tiendita"
"281",2018-08-25,"PAGO CUENTA DE TERCERO",6000,NA,4646.44,"prestamo papa"
"282",2018-08-27,"7 ELEVEN T 2512 RIO",44,NA,4457.44,"tiendita"
"283",2018-08-27,"OXXO RIO LERMA CASH",145,NA,4501.44,"tiendita"
"284",2018-08-28,"EXTRA K PARROQUIA",49.5,NA,4407.94,"tiendita"
"285",2018-08-29,"REST EL REGRESO",115,NA,4292.94,"comida fuera"
"286",2018-08-30,"7 ELEVEN PARROQUIA",156,NA,21634.34,"tiendita"
"287",2018-08-30,"SPEI RECIBIDOBANORTE",NA,1590.4,21790.34,"salario"
"288",2018-08-30,"PAGO DE NOMINA",NA,15907,20199.94,"salario"
"289",2018-08-31,"7 ELEVEN PARROQUIA",81,NA,21056.34,"tiendita"
"290",2018-08-31,"VIPS SULLIVAN",141,NA,21137.34,"comida fuera"
"291",2018-08-31,"7 ELEVEN T 2512 RIO",56,NA,21278.34,"tiendita"
"292",2018-08-31,"RETIRO SIN TARJETA",300,NA,21334.34,"efectivo"
"293",2018-09-03,"AMAZON MX",449,NA,17318.01,"compras internet"
"294",2018-09-03,"AMAZON MX MARKETPLACE",NA,7.57,17767.01,"compras internet"
"295",2018-09-03,"AMAZON MX MARKETPLACE",681.36,NA,17759.44,"compras internet"
"296",2018-09-03,"AMAZON MX",47.46,NA,18440.8,"compras internet"
"297",2018-09-03,"AMAZON MX",59.86,NA,18488.26,"compras internet"
"298",2018-09-03,"AMAZON MX",210.48,NA,18548.12,"compras internet"
"299",2018-09-03,"AMAZON MX",145.09,NA,18758.6,"compras internet"
"300",2018-09-03,"REST CAFE DE TACUBA",835.5,NA,18903.69,"comida fuera"
"301",2018-09-03,"COCOA",40,NA,19739.19,"comida fuera"
"302",2018-09-03,"T DON MANOLITO COYOACA",435.6,NA,19779.19,"comida fuera"
"303",2018-09-03,"REST EL REGRESO",115,NA,20214.79,"comida fuera"
"304",2018-09-03,"SERV RIO DE LA PLATA",500,NA,20329.79,"transporte"
"305",2018-09-03,"REST EL INDIO TAQUERO",226.55,NA,20829.79,"comida fuera"
"306",2018-09-04,"REST CASA LOS ABUELOS",151,NA,17167.01,"comida fuera"
"307",2018-09-05,"SUPER CENTER FELIX C",547.9,NA,14416.81,"super"
"308",2018-09-05,"DON POLLO",91.3,NA,14964.71,"comida fuera"
"309",2018-09-05,"EL 13 COMED DE SUERTE",95,NA,15056.01,"comida fuera"
"310",2018-09-05,"7 ELEVEN T 2512 RIO",51,NA,15151.01,"tiendita"
"311",2018-09-05,"SPORTS WORLD - OP Y ADMIN",1665,NA,15202.01,"gimnasio"
"312",2018-09-05,"RETIRO SIN TARJETA",300,NA,16867.01,"efectivo"
"313",2018-09-07,"RETIRO SIN TARJETA",3800,NA,10380.81,"efectivo"
"314",2018-09-07,"BELLA LULA REFORMA",236,NA,14180.81,"comida fuera"
"315",2018-09-10,"RETIRO SIN TARJETA",500,NA,7838.31,"efectivo"
"316",2018-09-10,"EXTRA K PARROQUIA",32.5,NA,8338.31,"tiendita"
"317",2018-09-10,"SERV AUT INSURGENTES",500,NA,8370.81,"transporte"
"318",2018-09-10,"VECCHIO FASCINO RESTAU",364,NA,8870.81,"comida fuera"
"319",2018-09-10,"REST BAR RIO NANSA",1146,NA,9234.81,"comida fuera"
"320",2018-09-11,"7 ELEVEN PARROQUIA",68,NA,6918.16,"tiendita"
"321",2018-09-11,"CAFE OBREGON LA ROSA",183.15,NA,6986.16,"comida fuera"
"322",2018-09-11,"MC DONALD S DIVISION N",66,NA,7169.31,"comida fuera"
"323",2018-09-11,"OXXO RIO LERMA",18,NA,7235.31,"tiendita"
"324",2018-09-11,"RECAUDACION DE IMPUE",585,NA,7253.31,"impuestos"
"325",2018-09-13,"Amazon Prime",252.79,NA,6495.37,"compras internet"
"326",2018-09-13,"SUSHI ROLL MILLET 1",170,NA,6748.16,"comida fuera"
"327",2018-09-14,"RETIRO SIN TARJETA",500,NA,22985.37,"efectivo"
"328",2018-09-14,"EXTRA K PARROQUIA",58,NA,23485.37,"tiendita"
"329",2018-09-14,"REST CASA LOS ABUELOS",157,NA,23543.37,"comida fuera"
"330",2018-09-14,"IHOP FELIX CUEVAS",200,NA,23700.37,"comida fuera"
"331",2018-09-14,"7 ELEVEN T 2512 RIO",95,NA,23900.37,"tiendita"
"332",2018-09-14,"PAGO DE NOMINA",NA,1593,23995.37,"salario"
"333",2018-09-14,"PAGO DE NOMINA",NA,15907,22402.37,"salario"
"334",2018-09-17,"LA CASTELLANA COYOACAN",237.9,NA,22013.97,"super"
"335",2018-09-17,"CLIP MX*LADINA BAR",230,NA,22251.87,"salida"
"336",2018-09-17,"LITTLE CAESARS",94,NA,22481.87,"comida fuera"
"337",2018-09-17,"EL GLOBO PARROQUIA",40,NA,22575.87,"comida fuera"
"338",2018-09-17,"BELLA LULA REFORMA",287,NA,22615.87,"comida fuera"
"339",2018-09-17,"7 ELEVEN T 2512 RIO",48,NA,22902.87,"tiendita"
"340",2018-09-17,"OXXO NAZAS MEX",34.5,NA,22950.87,"tiendita"
"341",2018-09-19,"RETIRO SIN TARJETA",200,NA,19979.45,"efectivo"
"342",2018-09-19,"PAYPAL SIXFLAGSMEX",584,NA,20179.45,"compras internet"
"343",2018-09-19,"SUPER CENTER FELIX C",402.52,NA,20763.45,"super"
"344",2018-09-19,"LA COMER INSURGENTES",148,NA,21165.97,"super"
"345",2018-09-19,"GASOL BP FELIX CUEVAS",700,NA,21313.97,"transporte"
"346",2018-09-20,"IMPULSORA CERVECERA",45,NA,19834.45,"salida"
"347",2018-09-20,"NUEVO TEHUACAN",100,NA,19879.45,"salida"
"348",2018-09-21,"RESTAURANT ARLES",110,NA,19634.45,"comida fuera"
"349",2018-09-21,"IZ PROYECTOS ISSGM SA",90,NA,19744.45,"?"
"350",2018-09-22,"PAGO CUENTA DE TERCERO",1000,NA,18634.45,"prestamo papa"
"351",2018-09-24,"FONDA DEL FACTOR",1065,NA,14371.34,"comida fuera"
"352",2018-09-24,"CHEDRAUI 98 SELEC STA",270,NA,15436.34,"super"
"353",2018-09-24,"TE MATARE SANTANA GARD",250.8,NA,15706.34,"comida fuera"
"354",2018-09-24,"MAD PACIFICO",2214.5,NA,15957.14,"materiales"
"355",2018-09-24,"COCOA",140,NA,18171.64,"comida fuera"
"356",2018-09-24,"EXTRA K MISISIPI",8.5,NA,18311.64,"tiendita"
"357",2018-09-24,"WINGS ARMY 2",267.3,NA,18320.14,"comida fuera"
"358",2018-09-24,"PASTELERIA ALKAZAR",47.01,NA,18587.44,"comida fuera"
"359",2018-09-25,"7 ELEVEN PARROQUIA",21,NA,14350.34,"tiendita"
